{"cameraMode":{"drawMode":0,"name":"Shaded","section":"Shading Mode"},"sceneLighting":false,"audioPlay":false,"sceneViewState":{"m_AlwaysRefresh":false,"showFog":true,"showSkybox":false,"showFlares":true,"showImageEffects":true,"showParticleSystems":true,"showVisualEffectGraphs":true,"m_FxEnabled":true},"in2DMode":false,"pivot":{"x":-0.11371507495641709,"y":1.7155331373214722,"z":12.360380172729493},"rotation":{"x":-0.06925371289253235,"y":0.005085058975964785,"z":-0.00035307483631186187,"w":-0.9975919723510742},"size":4.997239589691162,"orthographic":false}